subject_number,block_name,trial_number,play_count,timestamp
03032025001,full_sentence,15,3,2026-03-03 15:49:39
03032025001,full_sentence,30,3,2026-03-03 15:52:12
03032025001,full_sentence,45,3,2026-03-03 15:55:08
03032025001,full_sentence,60,3,2026-03-03 15:57:43
03032025001,full_sentence,75,3,2026-03-03 16:00:40
03032025001,full_sentence,90,3,2026-03-03 16:03:10
03032025001,full_sentence,105,3,2026-03-03 16:06:11
03032025001,full_sentence,120,3,2026-03-03 16:08:28
03032025001,full_sentence,135,3,2026-03-03 16:10:52
