site,subject,block_type,model,n_trials,cv_auc,cv_auc_std
Oberlin,2242025001,full_sentence,true_label_baseline,149,0.45726190476190476,0.10098975189920081
Oberlin,2242025001,full_sentence,trial_order_only,149,0.4260714285714286,0.08750619511596579
Oberlin,2242025001,full_sentence,single_pearson_raw,149,0.5816071428571429,0.1360599451472379
Oberlin,2242025001,full_sentence,single_lagged_xcorr_max,149,0.3857738095238095,0.0904936934824229
Oberlin,2242025001,full_sentence,single_envelope_corr,149,0.5480952380952381,0.07187252904162343
Oberlin,2242025001,full_sentence,single_log_spectrum_corr,149,0.3701785714285714,0.09441785923678393
Oberlin,2242025001,full_sentence,single_mfcc_cosine,149,0.4866071428571429,0.08294445830352563
Oberlin,2242025001,full_sentence,all_metrics,149,0.5721428571428572,0.10983434883347497
Oberlin,2242025001,imagined_sentence,true_label_baseline,149,0.5187028657616893,0.04671262075965347
Oberlin,2242025001,imagined_sentence,trial_order_only,149,0.43425925925925934,0.049307614354151555
Oberlin,2242025001,imagined_sentence,single_pearson_raw,149,0.5498198424669012,0.11942593790683541
Oberlin,2242025001,imagined_sentence,single_lagged_xcorr_max,149,0.5836349924585218,0.08455371452886248
Oberlin,2242025001,imagined_sentence,single_envelope_corr,149,0.3871040723981901,0.046158048223504236
Oberlin,2242025001,imagined_sentence,single_log_spectrum_corr,149,0.5394126026478967,0.08409967530362573
Oberlin,2242025001,imagined_sentence,single_mfcc_cosine,149,0.489291101055807,0.1096739113134368
Oberlin,2242025001,imagined_sentence,all_metrics,149,0.5973940003351768,0.09896466918006748
Oberlin,2262025001,full_sentence,true_label_baseline,149,0.5301785714285714,0.09072834536715209
Oberlin,2262025001,full_sentence,trial_order_only,149,0.5565714285714286,0.0710950706469498
Oberlin,2262025001,full_sentence,single_pearson_raw,149,0.5071031746031747,0.08976863668214653
Oberlin,2262025001,full_sentence,single_lagged_xcorr_max,149,0.5236547619047618,0.055887216359208236
Oberlin,2262025001,full_sentence,single_envelope_corr,149,0.5473015873015873,0.09705661713637652
Oberlin,2262025001,full_sentence,single_log_spectrum_corr,149,0.515781746031746,0.02757300257772854
Oberlin,2262025001,full_sentence,single_mfcc_cosine,149,0.5444523809523809,0.07945175485290647
Oberlin,2262025001,full_sentence,all_metrics,149,0.46176190476190476,0.0841849562535399
Oberlin,2262025001,imagined_sentence,true_label_baseline,149,0.47124999999999995,0.03224443825198294
Oberlin,2262025001,imagined_sentence,trial_order_only,149,0.4404365079365079,0.07717704615860013
Oberlin,2262025001,imagined_sentence,single_pearson_raw,149,0.4328452380952381,0.09832340547139354
Oberlin,2262025001,imagined_sentence,single_lagged_xcorr_max,149,0.4373174603174602,0.0629844870061395
Oberlin,2262025001,imagined_sentence,single_envelope_corr,149,0.5238055555555555,0.07135806749713854
Oberlin,2262025001,imagined_sentence,single_log_spectrum_corr,149,0.544063492063492,0.06738528904286363
Oberlin,2262025001,imagined_sentence,single_mfcc_cosine,149,0.3963730158730158,0.04913589169700355
Oberlin,2262025001,imagined_sentence,all_metrics,149,0.4973412698412698,0.022067506343735086
Oberlin,3032025001,full_sentence,true_label_baseline,149,0.39309954751131215,0.06053241436485298
Oberlin,3032025001,full_sentence,trial_order_only,149,0.5628163231104407,0.16258257879985427
Oberlin,3032025001,full_sentence,single_pearson_raw,149,0.4977333668510139,0.11771436170786465
Oberlin,3032025001,full_sentence,single_lagged_xcorr_max,149,0.49938411261940663,0.13130729407263628
Oberlin,3032025001,full_sentence,single_envelope_corr,149,0.42328640858052624,0.06936783412918535
Oberlin,3032025001,full_sentence,single_log_spectrum_corr,149,0.5325582369700017,0.09855880812698507
Oberlin,3032025001,full_sentence,single_mfcc_cosine,149,0.5176009720127366,0.08983107956849093
Oberlin,3032025001,full_sentence,all_metrics,149,0.5048307357130887,0.09649373613188776
Oberlin,3032025001,imagined_sentence,true_label_baseline,149,0.5306278280542986,0.0679912483890153
Oberlin,3032025001,imagined_sentence,trial_order_only,149,0.5612556561085974,0.07061297643335261
Oberlin,3032025001,imagined_sentence,single_pearson_raw,149,0.47652714932126694,0.052284597956500554
Oberlin,3032025001,imagined_sentence,single_lagged_xcorr_max,149,0.5531674208144797,0.06411143581585861
Oberlin,3032025001,imagined_sentence,single_envelope_corr,149,0.5217760180995474,0.059047714982920746
Oberlin,3032025001,imagined_sentence,single_log_spectrum_corr,149,0.5965497737556561,0.048950540157887315
Oberlin,3032025001,imagined_sentence,single_mfcc_cosine,149,0.5497737556561086,0.030218656754866964
Oberlin,3032025001,imagined_sentence,all_metrics,149,0.5927601809954751,0.051193251126627884
Oberlin,3032025002,full_sentence,true_label_baseline,149,0.5104761904761904,0.03916938042415007
Oberlin,3032025002,full_sentence,trial_order_only,149,0.5635119047619048,0.09514678989652782
Oberlin,3032025002,full_sentence,single_pearson_raw,149,0.5735396825396825,0.08332555670441562
Oberlin,3032025002,full_sentence,single_lagged_xcorr_max,149,0.5415396825396825,0.10357912882644578
Oberlin,3032025002,full_sentence,single_envelope_corr,149,0.5109444444444444,0.08050420757725475
Oberlin,3032025002,full_sentence,single_log_spectrum_corr,149,0.5556428571428571,0.09282085982224356
Oberlin,3032025002,full_sentence,single_mfcc_cosine,149,0.5519603174603175,0.14002478724527276
Oberlin,3032025002,full_sentence,all_metrics,149,0.51075,0.07794439595746509
Oberlin,3032025002,imagined_sentence,true_label_baseline,149,0.6020821569734613,0.06869318653119971
Oberlin,3032025002,imagined_sentence,trial_order_only,149,0.5347261434217956,0.07074416976148458
Oberlin,3032025002,imagined_sentence,single_pearson_raw,149,0.5689017504234896,0.16822078816575595
Oberlin,3032025002,imagined_sentence,single_lagged_xcorr_max,149,0.45347967250141163,0.0928926328861383
Oberlin,3032025002,imagined_sentence,single_envelope_corr,149,0.5492941840767929,0.10393313680871459
Oberlin,3032025002,imagined_sentence,single_log_spectrum_corr,149,0.4409655561829475,0.053913163344122536
Oberlin,3032025002,imagined_sentence,single_mfcc_cosine,149,0.44382411067193683,0.0482424765288917
Oberlin,3032025002,imagined_sentence,all_metrics,149,0.4321569734613212,0.0923541744203313
Oberlin,3062025001,full_sentence,true_label_baseline,149,0.5508241758241758,0.0908996668942883
Oberlin,3062025001,full_sentence,trial_order_only,149,0.42870879120879124,0.07974093356950017
Oberlin,3062025001,full_sentence,single_pearson_raw,149,0.4271291208791209,0.049269643912399845
Oberlin,3062025001,full_sentence,single_lagged_xcorr_max,149,0.3994505494505495,0.06198061878376385
Oberlin,3062025001,full_sentence,single_envelope_corr,149,0.4115384615384616,0.08670526180240809
Oberlin,3062025001,full_sentence,single_log_spectrum_corr,149,0.5453983516483516,0.08394655478995985
Oberlin,3062025001,full_sentence,single_mfcc_cosine,149,0.42767857142857146,0.06117211833200229
Oberlin,3062025001,full_sentence,all_metrics,149,0.47857142857142854,0.07272265247963298
Oberlin,3062025001,imagined_sentence,true_label_baseline,149,0.4400412087912088,0.05963880129557798
Oberlin,3062025001,imagined_sentence,trial_order_only,149,0.4247252747252747,0.0714178061414229
Oberlin,3062025001,imagined_sentence,single_pearson_raw,149,0.4035714285714286,0.059063697887647225
Oberlin,3062025001,imagined_sentence,single_lagged_xcorr_max,149,0.3791208791208791,0.08993503329147386
Oberlin,3062025001,imagined_sentence,single_envelope_corr,149,0.4873626373626374,0.09075279274366196
Oberlin,3062025001,imagined_sentence,single_log_spectrum_corr,149,0.4489697802197803,0.09132332607433633
Oberlin,3062025001,imagined_sentence,single_mfcc_cosine,149,0.47967032967032974,0.08925781474502048
Oberlin,3062025001,imagined_sentence,all_metrics,149,0.3856456043956044,0.10415131916080969
Oberlin,3062025002,full_sentence,true_label_baseline,149,0.5668478260869565,0.037361100344990725
Oberlin,3062025002,full_sentence,trial_order_only,149,0.5530969634230504,0.07139535948186809
Oberlin,3062025002,full_sentence,single_pearson_raw,149,0.5203502415458937,0.05927213223798612
Oberlin,3062025002,full_sentence,single_lagged_xcorr_max,149,0.5901915113871634,0.1331307313416106
Oberlin,3062025002,full_sentence,single_envelope_corr,149,0.5718426501035196,0.10458376494191013
Oberlin,3062025002,full_sentence,single_log_spectrum_corr,149,0.5061680469289165,0.07959415173947994
Oberlin,3062025002,full_sentence,single_mfcc_cosine,149,0.4647256728778467,0.07405472166425799
Oberlin,3062025002,full_sentence,all_metrics,149,0.5169772256728778,0.06759002038174973
Oberlin,3062025002,imagined_sentence,true_label_baseline,149,0.42153110047846887,0.08725589136063425
Oberlin,3062025002,imagined_sentence,trial_order_only,149,0.529,0.0612408873302121
Oberlin,3062025002,imagined_sentence,single_pearson_raw,149,0.4019617224880382,0.10539206873737586
Oberlin,3062025002,imagined_sentence,single_lagged_xcorr_max,149,0.5952583732057416,0.1033937442017471
Oberlin,3062025002,imagined_sentence,single_envelope_corr,149,0.46301913875598083,0.0843016204774728
Oberlin,3062025002,imagined_sentence,single_log_spectrum_corr,149,0.5201483253588517,0.07554778230669885
Oberlin,3062025002,imagined_sentence,single_mfcc_cosine,149,0.5940191387559809,0.078206376118769
Oberlin,3062025002,imagined_sentence,all_metrics,149,0.5204736842105262,0.1091318528890086
Oberlin,3102025001,full_sentence,true_label_baseline,149,0.5483928571428571,0.09925523398754801
Oberlin,3102025001,full_sentence,trial_order_only,149,0.6538412698412699,0.09467890864390287
Oberlin,3102025001,full_sentence,single_pearson_raw,149,0.6366388888888889,0.11330011768160998
Oberlin,3102025001,full_sentence,single_lagged_xcorr_max,149,0.6448849206349206,0.09086573097576245
Oberlin,3102025001,full_sentence,single_envelope_corr,149,0.6485079365079366,0.10039346126492417
Oberlin,3102025001,full_sentence,single_log_spectrum_corr,149,0.6115674603174603,0.10240822357350006
Oberlin,3102025001,full_sentence,single_mfcc_cosine,149,0.6403055555555556,0.09871907283496852
Oberlin,3102025001,full_sentence,all_metrics,149,0.578547619047619,0.12125796605199081
Oberlin,3102025001,imagined_sentence,true_label_baseline,149,0.4774587985114301,0.051438916449729685
Oberlin,3102025001,imagined_sentence,trial_order_only,149,0.6516746411483254,0.09130610864594496
Oberlin,3102025001,imagined_sentence,single_pearson_raw,149,0.6333864965443914,0.08135437491423865
Oberlin,3102025001,imagined_sentence,single_lagged_xcorr_max,149,0.6516214779372674,0.09466599099694736
Oberlin,3102025001,imagined_sentence,single_envelope_corr,149,0.65103668261563,0.10346637193336979
Oberlin,3102025001,imagined_sentence,single_log_spectrum_corr,149,0.6372674109516214,0.09914669479374608
Oberlin,3102025001,imagined_sentence,single_mfcc_cosine,149,0.6556087187666135,0.09281718109772948
Oberlin,3102025001,imagined_sentence,all_metrics,149,0.6162147793726741,0.08901185504728328
Oberlin,3102025002,full_sentence,true_label_baseline,149,0.5357142857142857,0.05955237409852758
Oberlin,3102025002,full_sentence,trial_order_only,149,0.4292976190476191,0.08216263430347502
Oberlin,3102025002,full_sentence,single_pearson_raw,149,0.3817460317460317,0.05949802616186502
Oberlin,3102025002,full_sentence,single_lagged_xcorr_max,149,0.5009603174603174,0.12079171201748024
Oberlin,3102025002,full_sentence,single_envelope_corr,149,0.4544960317460317,0.05779895009338146
Oberlin,3102025002,full_sentence,single_log_spectrum_corr,149,0.40210317460317463,0.0830318127888114
Oberlin,3102025002,full_sentence,single_mfcc_cosine,149,0.4912698412698413,0.13006051269102104
Oberlin,3102025002,full_sentence,all_metrics,149,0.49124999999999996,0.08917967777578871
Oberlin,3102025002,imagined_sentence,true_label_baseline,149,0.564027149321267,0.07179328743324517
Oberlin,3102025002,imagined_sentence,trial_order_only,149,0.64881221719457,0.12309444121069245
Oberlin,3102025002,imagined_sentence,single_pearson_raw,149,0.6513574660633484,0.14479001682850498
Oberlin,3102025002,imagined_sentence,single_lagged_xcorr_max,149,0.6130090497737557,0.1376564370089052
Oberlin,3102025002,imagined_sentence,single_envelope_corr,149,0.64881221719457,0.12259442829684301
Oberlin,3102025002,imagined_sentence,single_log_spectrum_corr,149,0.6479638009049774,0.1256387622718604
Oberlin,3102025002,imagined_sentence,single_mfcc_cosine,149,0.6351809954751131,0.12527993265554055
Oberlin,3102025002,imagined_sentence,all_metrics,149,0.6078619909502263,0.16251089645370306
Oberlin,3132025001,full_sentence,true_label_baseline,149,0.47041666666666665,0.09322530799030174
Oberlin,3132025001,full_sentence,trial_order_only,149,0.4282738095238095,0.09979961498887378
Oberlin,3132025001,full_sentence,single_pearson_raw,149,0.4339880952380952,0.08639310403056646
Oberlin,3132025001,full_sentence,single_lagged_xcorr_max,149,0.4414880952380953,0.07520418162735606
Oberlin,3132025001,full_sentence,single_envelope_corr,149,0.38642857142857145,0.09737203795500125
Oberlin,3132025001,full_sentence,single_log_spectrum_corr,149,0.40857142857142864,0.06547169898014668
Oberlin,3132025001,full_sentence,single_mfcc_cosine,149,0.4496428571428572,0.05547108090101123
Oberlin,3132025001,full_sentence,all_metrics,149,0.34297619047619043,0.10411777764299042
Oberlin,3132025001,imagined_sentence,true_label_baseline,149,0.4352380952380952,0.07441990322128113
Oberlin,3132025001,imagined_sentence,trial_order_only,149,0.5463492063492064,0.06547383353141213
Oberlin,3132025001,imagined_sentence,single_pearson_raw,149,0.5236190476190477,0.10160983876989989
Oberlin,3132025001,imagined_sentence,single_lagged_xcorr_max,149,0.5473015873015873,0.10224942948586031
Oberlin,3132025001,imagined_sentence,single_envelope_corr,149,0.561015873015873,0.09486368732868947
Oberlin,3132025001,imagined_sentence,single_log_spectrum_corr,149,0.5348571428571429,0.0497781017158232
Oberlin,3132025001,imagined_sentence,single_mfcc_cosine,149,0.5222222222222223,0.14398902564491792
Oberlin,3132025001,imagined_sentence,all_metrics,149,0.5250158730158729,0.09927089202036779
Oberlin,3132026002,full_sentence,true_label_baseline,149,0.42843406593406597,0.041292663025920204
Oberlin,3132026002,full_sentence,trial_order_only,149,0.5485213316095668,0.051576725865447856
Oberlin,3132026002,full_sentence,single_pearson_raw,149,0.5372777957336782,0.10268552675522924
Oberlin,3132026002,full_sentence,single_lagged_xcorr_max,149,0.4891887524240466,0.0537205567144082
Oberlin,3132026002,full_sentence,single_envelope_corr,149,0.5983637685843568,0.10157172315102397
Oberlin,3132026002,full_sentence,single_log_spectrum_corr,149,0.5368010665804783,0.04541640652536615
Oberlin,3132026002,full_sentence,single_mfcc_cosine,149,0.5435318358112475,0.05752631253980067
Oberlin,3132026002,full_sentence,all_metrics,149,0.5292057207498384,0.11671644561615867
Oberlin,3132026002,imagined_sentence,true_label_baseline,149,0.46550239234449753,0.0720267190947018
Oberlin,3132026002,imagined_sentence,trial_order_only,149,0.5717320574162679,0.1076113610727793
Oberlin,3132026002,imagined_sentence,single_pearson_raw,149,0.5556363636363637,0.09645980315255792
Oberlin,3132026002,imagined_sentence,single_lagged_xcorr_max,149,0.5228181818181818,0.07066395455654702
Oberlin,3132026002,imagined_sentence,single_envelope_corr,149,0.5339617224880382,0.10543756929675226
Oberlin,3132026002,imagined_sentence,single_log_spectrum_corr,149,0.5213157894736843,0.06546918818279385
Oberlin,3132026002,imagined_sentence,single_mfcc_cosine,149,0.5180526315789473,0.06867910583508174
Oberlin,3132026002,imagined_sentence,all_metrics,149,0.48856937799043065,0.0735796629836619
Oberlin,3172026001,full_sentence,true_label_baseline,149,0.4749601275917065,0.07140007273323226
Oberlin,3172026001,full_sentence,trial_order_only,149,0.44800637958532696,0.10735251829414523
Oberlin,3172026001,full_sentence,single_pearson_raw,149,0.4635832004253057,0.10002994045251737
Oberlin,3172026001,full_sentence,single_lagged_xcorr_max,149,0.4222222222222222,0.11419447835203615
Oberlin,3172026001,full_sentence,single_envelope_corr,149,0.48729399255715045,0.07719810821540118
Oberlin,3172026001,full_sentence,single_log_spectrum_corr,149,0.472461456671983,0.06359120107411237
Oberlin,3172026001,full_sentence,single_mfcc_cosine,149,0.5158958001063263,0.042936131181621005
Oberlin,3172026001,full_sentence,all_metrics,149,0.5098351940457204,0.08945521890829124
Oberlin,3172026001,imagined_sentence,true_label_baseline,149,0.47210526315789475,0.07636123798562457
Oberlin,3172026001,imagined_sentence,trial_order_only,149,0.5827751196172248,0.1011098866363429
Oberlin,3172026001,imagined_sentence,single_pearson_raw,149,0.6328229665071771,0.09032681822325395
Oberlin,3172026001,imagined_sentence,single_lagged_xcorr_max,149,0.6269856459330143,0.11658220470147833
Oberlin,3172026001,imagined_sentence,single_envelope_corr,149,0.5757894736842105,0.10595492570424338
Oberlin,3172026001,imagined_sentence,single_log_spectrum_corr,149,0.570334928229665,0.07494723157589003
Oberlin,3172026001,imagined_sentence,single_mfcc_cosine,149,0.5733014354066986,0.13412581655761366
Oberlin,3172026001,imagined_sentence,all_metrics,149,0.6371291866028708,0.10631299011383528
Oberlin,3192026001,full_sentence,true_label_baseline,149,0.5371292106586225,0.07608606882068443
Oberlin,3192026001,full_sentence,trial_order_only,149,0.5807482822188704,0.0775144980561422
Oberlin,3192026001,full_sentence,single_pearson_raw,149,0.5919641360817831,0.07551356698764093
Oberlin,3192026001,full_sentence,single_lagged_xcorr_max,149,0.5732403217697335,0.08351809757078682
Oberlin,3192026001,full_sentence,single_envelope_corr,149,0.577534774593598,0.06590159759157607
Oberlin,3192026001,full_sentence,single_log_spectrum_corr,149,0.5787078934137757,0.07215725225007327
Oberlin,3192026001,full_sentence,single_mfcc_cosine,149,0.5761018937489526,0.043136172058290026
Oberlin,3192026001,full_sentence,all_metrics,149,0.5725113122171945,0.06678136531703406
Oberlin,3192026001,imagined_sentence,true_label_baseline,149,0.45529761904761906,0.03235402416730558
Oberlin,3192026001,imagined_sentence,trial_order_only,149,0.4633809523809524,0.08552300231763398
Oberlin,3192026001,imagined_sentence,single_pearson_raw,149,0.46866269841269836,0.07587834916833636
Oberlin,3192026001,imagined_sentence,single_lagged_xcorr_max,149,0.4905912698412699,0.09154260174360575
Oberlin,3192026001,imagined_sentence,single_envelope_corr,149,0.38313888888888886,0.09905575903924525
Oberlin,3192026001,imagined_sentence,single_log_spectrum_corr,149,0.4231587301587302,0.09169873554350215
Oberlin,3192026001,imagined_sentence,single_mfcc_cosine,149,0.43424603174603177,0.10395939014681482
Oberlin,3192026001,imagined_sentence,all_metrics,149,0.3987738095238095,0.09248217637926673
Oberlin,3202026001,full_sentence,true_label_baseline,149,0.5423844537815127,0.1101886888640628
Oberlin,3202026001,full_sentence,trial_order_only,149,0.5504928894634776,0.06826439412440372
Oberlin,3202026001,full_sentence,single_pearson_raw,149,0.5565206851971557,0.07600832874261962
Oberlin,3202026001,full_sentence,single_lagged_xcorr_max,149,0.5355284421460892,0.06402841247036413
Oberlin,3202026001,full_sentence,single_envelope_corr,149,0.4654654169360052,0.03536313982977595
Oberlin,3202026001,full_sentence,single_log_spectrum_corr,149,0.4907845830639948,0.08728980639094726
Oberlin,3202026001,full_sentence,single_mfcc_cosine,149,0.5042865223012282,0.07190697238901904
Oberlin,3202026001,full_sentence,all_metrics,149,0.40747818358112464,0.056936491395861155
Oberlin,3202026001,imagined_sentence,true_label_baseline,149,0.42952380952380953,0.04775219480655876
Oberlin,3202026001,imagined_sentence,trial_order_only,149,0.4775238095238096,0.11688721621799686
Oberlin,3202026001,imagined_sentence,single_pearson_raw,149,0.4996190476190477,0.09247383101736657
Oberlin,3202026001,imagined_sentence,single_lagged_xcorr_max,149,0.48311111111111116,0.13541778062219884
Oberlin,3202026001,imagined_sentence,single_envelope_corr,149,0.48984126984126986,0.12988216843353337
Oberlin,3202026001,imagined_sentence,single_log_spectrum_corr,149,0.5855873015873015,0.11411620586232792
Oberlin,3202026001,imagined_sentence,single_mfcc_cosine,149,0.4902857142857142,0.12106016944416663
Oberlin,3202026001,imagined_sentence,all_metrics,149,0.48730158730158735,0.06505938524119102
Oberlin,3202026002,full_sentence,true_label_baseline,149,0.5647664835164836,0.10514537904067424
Oberlin,3202026002,full_sentence,trial_order_only,149,0.5609203296703296,0.09732450633767797
Oberlin,3202026002,full_sentence,single_pearson_raw,149,0.6236950549450551,0.05997196744816627
Oberlin,3202026002,full_sentence,single_lagged_xcorr_max,149,0.5567994505494506,0.1249336785174245
Oberlin,3202026002,full_sentence,single_envelope_corr,149,0.6413461538461538,0.050725048118077994
Oberlin,3202026002,full_sentence,single_log_spectrum_corr,149,0.5532967032967033,0.1027621265017372
Oberlin,3202026002,full_sentence,single_mfcc_cosine,149,0.5450549450549451,0.05284017684808629
Oberlin,3202026002,full_sentence,all_metrics,149,0.6375,0.05782241020961489
Oberlin,3202026002,imagined_sentence,true_label_baseline,149,0.5365101809954751,0.0638374235607496
Oberlin,3202026002,imagined_sentence,trial_order_only,149,0.5897058823529412,0.06777103909860686
Oberlin,3202026002,imagined_sentence,single_pearson_raw,149,0.5819570135746607,0.09934168612706107
Oberlin,3202026002,imagined_sentence,single_lagged_xcorr_max,149,0.614027149321267,0.1590521874394456
Oberlin,3202026002,imagined_sentence,single_envelope_corr,149,0.5687782805429864,0.07794897477881937
Oberlin,3202026002,imagined_sentence,single_log_spectrum_corr,149,0.5659502262443439,0.07785205617478495
Oberlin,3202026002,imagined_sentence,single_mfcc_cosine,149,0.5746606334841629,0.05745002804743486
Oberlin,3202026002,imagined_sentence,all_metrics,149,0.5825226244343891,0.16017560290792457
Oberlin,4142026001,full_sentence,true_label_baseline,149,0.4538543328017012,0.110296468430581
Oberlin,4142026001,full_sentence,trial_order_only,149,0.5766214779372675,0.16536955316501403
Oberlin,4142026001,full_sentence,single_pearson_raw,149,0.5134901648059543,0.12144546287840934
Oberlin,4142026001,full_sentence,single_lagged_xcorr_max,149,0.5381357433989014,0.1316135321746939
Oberlin,4142026001,full_sentence,single_envelope_corr,149,0.5559011164274322,0.16261999643103595
Oberlin,4142026001,full_sentence,single_log_spectrum_corr,149,0.532314371788056,0.1424230731143383
Oberlin,4142026001,full_sentence,single_mfcc_cosine,149,0.5560074428495481,0.15106740248499254
Oberlin,4142026001,full_sentence,all_metrics,149,0.48223905723905724,0.14996433235392417
Oberlin,4142026001,imagined_sentence,true_label_baseline,149,0.4584126984126984,0.10596632094254885
Oberlin,4142026001,imagined_sentence,trial_order_only,149,0.39428042328042323,0.021384332150984498
Oberlin,4142026001,imagined_sentence,single_pearson_raw,149,0.4277566137566137,0.07359660438829115
Oberlin,4142026001,imagined_sentence,single_lagged_xcorr_max,149,0.5211481481481482,0.1401506422173205
Oberlin,4142026001,imagined_sentence,single_envelope_corr,149,0.43480423280423286,0.04889116099074424
Oberlin,4142026001,imagined_sentence,single_log_spectrum_corr,149,0.39261904761904765,0.01189565789457531
Oberlin,4142026001,imagined_sentence,single_mfcc_cosine,149,0.4077354497354498,0.05827719070597144
Oberlin,4142026001,imagined_sentence,all_metrics,149,0.5028359788359789,0.07076524330986071
Oberlin,4142026002,full_sentence,true_label_baseline,149,0.5371428571428571,0.053992524887841384
Oberlin,4142026002,full_sentence,trial_order_only,149,0.4443809523809524,0.11768017176614139
Oberlin,4142026002,full_sentence,single_pearson_raw,149,0.5758095238095239,0.09387434174627697
Oberlin,4142026002,full_sentence,single_lagged_xcorr_max,149,0.47777777777777786,0.054686536587633845
Oberlin,4142026002,full_sentence,single_envelope_corr,149,0.4276190476190477,0.06592787923762582
Oberlin,4142026002,full_sentence,single_log_spectrum_corr,149,0.4861587301587302,0.0698209494248254
Oberlin,4142026002,full_sentence,single_mfcc_cosine,149,0.553015873015873,0.06274480903405942
Oberlin,4142026002,full_sentence,all_metrics,149,0.537079365079365,0.0762931583207221
Oberlin,4142026002,imagined_sentence,true_label_baseline,149,0.558710407239819,0.060792249640983745
Oberlin,4142026002,imagined_sentence,trial_order_only,149,0.4840457336780866,0.100608276467487
Oberlin,4142026002,imagined_sentence,single_pearson_raw,149,0.6049490950226245,0.07987971406373585
Oberlin,4142026002,imagined_sentence,single_lagged_xcorr_max,149,0.5290643180349063,0.09280577322237342
Oberlin,4142026002,imagined_sentence,single_envelope_corr,149,0.4186328377504848,0.057006409313734276
Oberlin,4142026002,imagined_sentence,single_log_spectrum_corr,149,0.36773190045248866,0.051767852663060505
Oberlin,4142026002,imagined_sentence,single_mfcc_cosine,149,0.5191257272139624,0.09779240503039621
Oberlin,4142026002,imagined_sentence,all_metrics,149,0.5562823206205559,0.06066419152910963
UChicago,3292026001,full_sentence,true_label_baseline,149,0.5574095022624435,0.09323799517576016
UChicago,3292026001,full_sentence,trial_order_only,149,0.5520361990950227,0.06693162746461756
UChicago,3292026001,full_sentence,single_pearson_raw,149,0.5921945701357465,0.07361290073905495
UChicago,3292026001,full_sentence,single_lagged_xcorr_max,149,0.5877828054298642,0.07682186580888399
UChicago,3292026001,full_sentence,single_envelope_corr,149,0.5102941176470589,0.059058441485168124
UChicago,3292026001,full_sentence,single_log_spectrum_corr,149,0.5295248868778281,0.055085271105907885
UChicago,3292026001,full_sentence,single_mfcc_cosine,149,0.5493778280542987,0.06383228665654267
UChicago,3292026001,full_sentence,all_metrics,149,0.605316742081448,0.06827970337336006
UChicago,3292026001,imagined_sentence,true_label_baseline,149,0.4600595238095238,0.09120679326849504
UChicago,3292026001,imagined_sentence,trial_order_only,149,0.5734325396825397,0.07353139267854697
UChicago,3292026001,imagined_sentence,single_pearson_raw,149,0.5710793650793651,0.07797948476421031
UChicago,3292026001,imagined_sentence,single_lagged_xcorr_max,149,0.5615277777777778,0.06987143107756139
UChicago,3292026001,imagined_sentence,single_envelope_corr,149,0.5867341269841271,0.09772817780565339
UChicago,3292026001,imagined_sentence,single_log_spectrum_corr,149,0.5550515873015873,0.06819562105565534
UChicago,3292026001,imagined_sentence,single_mfcc_cosine,149,0.5976944444444445,0.10805838590514064
UChicago,3292026001,imagined_sentence,all_metrics,149,0.5581230158730158,0.13654963348961305
UChicago,4032026001,full_sentence,true_label_baseline,149,0.5309523809523811,0.07295856425057769
UChicago,4032026001,full_sentence,trial_order_only,149,0.5488095238095237,0.08227107832524248
UChicago,4032026001,full_sentence,single_pearson_raw,149,0.5262499999999999,0.09888343477787061
UChicago,4032026001,full_sentence,single_lagged_xcorr_max,149,0.5198809523809522,0.07632693323435344
UChicago,4032026001,full_sentence,single_envelope_corr,149,0.6083333333333333,0.09399957332126832
UChicago,4032026001,full_sentence,single_log_spectrum_corr,149,0.5261309523809524,0.08168293430925222
UChicago,4032026001,full_sentence,single_mfcc_cosine,149,0.5582738095238096,0.08569390465362509
UChicago,4032026001,full_sentence,all_metrics,149,0.5782142857142858,0.09058448249776425
UChicago,4032026001,imagined_sentence,true_label_baseline,149,0.45551568314726215,0.034959399581213524
UChicago,4032026001,imagined_sentence,trial_order_only,149,0.5550283537125642,0.10280075849878915
UChicago,4032026001,imagined_sentence,single_pearson_raw,149,0.5430710614921141,0.09248894008141198
UChicago,4032026001,imagined_sentence,single_lagged_xcorr_max,149,0.4913343965975544,0.07813443086634385
UChicago,4032026001,imagined_sentence,single_envelope_corr,149,0.5664407230196704,0.1006762509460313
UChicago,4032026001,imagined_sentence,single_log_spectrum_corr,149,0.48635920609604827,0.08474494930076111
UChicago,4032026001,imagined_sentence,single_mfcc_cosine,149,0.5465709728867625,0.0927041147573903
UChicago,4032026001,imagined_sentence,all_metrics,149,0.5194976076555025,0.07032827637453987
UChicago,4042026001,full_sentence,true_label_baseline,149,0.4579761904761905,0.09055416439536286
UChicago,4042026001,full_sentence,trial_order_only,149,0.550718253968254,0.11881528943395872
UChicago,4042026001,full_sentence,single_pearson_raw,149,0.46284523809523803,0.08352960220451457
UChicago,4042026001,full_sentence,single_lagged_xcorr_max,149,0.503357142857143,0.07899446541937874
UChicago,4042026001,full_sentence,single_envelope_corr,149,0.4535396825396825,0.036578603535175065
UChicago,4042026001,full_sentence,single_log_spectrum_corr,149,0.5144603174603175,0.12409037856398937
UChicago,4042026001,full_sentence,single_mfcc_cosine,149,0.46954761904761905,0.06404501946888976
UChicago,4042026001,full_sentence,all_metrics,149,0.4382261904761905,0.04491587697052392
UChicago,4042026001,imagined_sentence,true_label_baseline,149,0.5372619047619047,0.11688139253377723
UChicago,4042026001,imagined_sentence,trial_order_only,149,0.43892857142857145,0.044965264371512374
UChicago,4042026001,imagined_sentence,single_pearson_raw,149,0.4251190476190477,0.09499235409021564
UChicago,4042026001,imagined_sentence,single_lagged_xcorr_max,149,0.4636904761904762,0.076399452990408
UChicago,4042026001,imagined_sentence,single_envelope_corr,149,0.5699404761904763,0.08079137525251534
UChicago,4042026001,imagined_sentence,single_log_spectrum_corr,149,0.503452380952381,0.1012325892759801
UChicago,4042026001,imagined_sentence,single_mfcc_cosine,149,0.43744047619047616,0.060959007266304994
UChicago,4042026001,imagined_sentence,all_metrics,149,0.5099404761904761,0.06514679046883295
UChicago,4042026002,full_sentence,true_label_baseline,149,0.5517291531997415,0.06627448137420217
UChicago,4042026002,full_sentence,trial_order_only,149,0.41509776987718167,0.05727620406792917
UChicago,4042026002,full_sentence,single_pearson_raw,149,0.3504242081447964,0.07957761884293918
UChicago,4042026002,full_sentence,single_lagged_xcorr_max,149,0.45269069166127995,0.07390243578981177
UChicago,4042026002,full_sentence,single_envelope_corr,149,0.38190449256625725,0.06583648278606045
UChicago,4042026002,full_sentence,single_log_spectrum_corr,149,0.4465780542986425,0.12261166485890898
UChicago,4042026002,full_sentence,single_mfcc_cosine,149,0.44853345184227533,0.06837128730310377
UChicago,4042026002,full_sentence,all_metrics,149,0.393204589528119,0.10979570857762654
UChicago,4042026002,imagined_sentence,true_label_baseline,149,0.47797619047619044,0.06891278912994986
UChicago,4042026002,imagined_sentence,trial_order_only,149,0.572202380952381,0.09169518727618431
UChicago,4042026002,imagined_sentence,single_pearson_raw,149,0.5570238095238095,0.08135526496989606
UChicago,4042026002,imagined_sentence,single_lagged_xcorr_max,149,0.5619642857142857,0.08940813036581295
UChicago,4042026002,imagined_sentence,single_envelope_corr,149,0.5852380952380953,0.10756688579964989
UChicago,4042026002,imagined_sentence,single_log_spectrum_corr,149,0.5570238095238095,0.09529957093268913
UChicago,4042026002,imagined_sentence,single_mfcc_cosine,149,0.5537500000000001,0.07083548416102295
UChicago,4042026002,imagined_sentence,all_metrics,149,0.5798809523809524,0.08106732036301065
UChicago,4042026003,full_sentence,true_label_baseline,149,0.4614132191338074,0.11792552333921455
UChicago,4042026003,full_sentence,trial_order_only,149,0.5291006787330317,0.04805854162358264
UChicago,4042026003,full_sentence,single_pearson_raw,149,0.5131060116354235,0.08599249672856912
UChicago,4042026003,full_sentence,single_lagged_xcorr_max,149,0.5420935681965094,0.09297022113809122
UChicago,4042026003,full_sentence,single_envelope_corr,149,0.40868616677440206,0.1025241256604625
UChicago,4042026003,full_sentence,single_log_spectrum_corr,149,0.47127908855850026,0.057657159061332244
UChicago,4042026003,full_sentence,single_mfcc_cosine,149,0.4835164835164836,0.09559112102025136
UChicago,4042026003,full_sentence,all_metrics,149,0.4043026826115062,0.1211584032131288
UChicago,4042026003,imagined_sentence,true_label_baseline,149,0.5791071428571428,0.07262304828948687
UChicago,4042026003,imagined_sentence,trial_order_only,149,0.41660714285714284,0.08043765807589559
UChicago,4042026003,imagined_sentence,single_pearson_raw,149,0.4782738095238095,0.0590351969460427
UChicago,4042026003,imagined_sentence,single_lagged_xcorr_max,149,0.4902380952380952,0.03938182687461132
UChicago,4042026003,imagined_sentence,single_envelope_corr,149,0.4013095238095238,0.07873598388748412
UChicago,4042026003,imagined_sentence,single_log_spectrum_corr,149,0.46761904761904755,0.05978199956220376
UChicago,4042026003,imagined_sentence,single_mfcc_cosine,149,0.42833333333333334,0.07033548534606276
UChicago,4042026003,imagined_sentence,all_metrics,149,0.4677976190476191,0.07384249455609943
UChicago,4062026001,full_sentence,true_label_baseline,149,0.4145240788623141,0.08914431623980439
UChicago,4062026001,full_sentence,trial_order_only,149,0.4050258564964448,0.05726842318032387
UChicago,4062026001,full_sentence,single_pearson_raw,149,0.38853829993535877,0.05176715269992639
UChicago,4062026001,full_sentence,single_lagged_xcorr_max,149,0.556060116354234,0.11083030918713412
UChicago,4062026001,full_sentence,single_envelope_corr,149,0.38852617970265024,0.07826252570332853
UChicago,4062026001,full_sentence,single_log_spectrum_corr,149,0.49471961861667746,0.10351541084939161
UChicago,4062026001,full_sentence,single_mfcc_cosine,149,0.5118414673561732,0.07848267248030695
UChicago,4062026001,full_sentence,all_metrics,149,0.5275008080155139,0.06694701791477023
UChicago,4062026001,imagined_sentence,true_label_baseline,149,0.4708928571428572,0.06047115183359446
UChicago,4062026001,imagined_sentence,trial_order_only,149,0.4553015873015873,0.06415790547917638
UChicago,4062026001,imagined_sentence,single_pearson_raw,149,0.46911507936507935,0.09441173536565436
UChicago,4062026001,imagined_sentence,single_lagged_xcorr_max,149,0.5119047619047619,0.11029870800994059
UChicago,4062026001,imagined_sentence,single_envelope_corr,149,0.4437738095238096,0.07935796833222289
UChicago,4062026001,imagined_sentence,single_log_spectrum_corr,149,0.5044047619047619,0.053227845886597625
UChicago,4062026001,imagined_sentence,single_mfcc_cosine,149,0.432186507936508,0.07068270231571196
UChicago,4062026001,imagined_sentence,all_metrics,149,0.48978174603174607,0.060690007076385506
UChicago,4182026001,full_sentence,true_label_baseline,149,0.5248366013071897,0.08700055951382088
UChicago,4182026001,full_sentence,trial_order_only,149,0.6474400871459695,0.1072377154534932
UChicago,4182026001,full_sentence,single_pearson_raw,149,0.6241830065359478,0.11530373734892853
UChicago,4182026001,full_sentence,single_lagged_xcorr_max,149,0.6196623093681918,0.06701064306725923
UChicago,4182026001,full_sentence,single_envelope_corr,149,0.6407952069716776,0.09719971606242621
UChicago,4182026001,full_sentence,single_log_spectrum_corr,149,0.664161220043573,0.1293410034456287
UChicago,4182026001,full_sentence,single_mfcc_cosine,149,0.6330610021786491,0.10653330233604774
UChicago,4182026001,full_sentence,all_metrics,149,0.5963507625272332,0.08603413152467078
UChicago,4182026001,imagined_sentence,true_label_baseline,149,0.5720238095238095,0.10268918164641727
UChicago,4182026001,imagined_sentence,trial_order_only,149,0.5926111111111112,0.09253728794309865
UChicago,4182026001,imagined_sentence,single_pearson_raw,149,0.5867103174603174,0.06804414083549602
UChicago,4182026001,imagined_sentence,single_lagged_xcorr_max,149,0.5748373015873016,0.08054697780587966
UChicago,4182026001,imagined_sentence,single_envelope_corr,149,0.5715277777777779,0.08436499163787643
UChicago,4182026001,imagined_sentence,single_log_spectrum_corr,149,0.5887579365079365,0.09180606078399307
UChicago,4182026001,imagined_sentence,single_mfcc_cosine,149,0.5743849206349207,0.09816789348438468
UChicago,4182026001,imagined_sentence,all_metrics,149,0.5398055555555556,0.08458829829900048
UChicago,4182026002,full_sentence,true_label_baseline,149,0.4225759534583064,0.03462336907193782
UChicago,4182026002,full_sentence,trial_order_only,149,0.5500040400775695,0.0530939788272925
UChicago,4182026002,full_sentence,single_pearson_raw,149,0.5264988687782806,0.03230271906473264
UChicago,4182026002,full_sentence,single_lagged_xcorr_max,149,0.5917622818358113,0.05818467706570829
UChicago,4182026002,full_sentence,single_envelope_corr,149,0.5094335811247576,0.050036399027469994
UChicago,4182026002,full_sentence,single_log_spectrum_corr,149,0.4773230446024564,0.07450195039757677
UChicago,4182026002,full_sentence,single_mfcc_cosine,149,0.5461457659987071,0.07868065909572898
UChicago,4182026002,full_sentence,all_metrics,149,0.5129403684550743,0.044976428419315796
UChicago,4182026002,imagined_sentence,true_label_baseline,149,0.5460714285714285,0.028441171332372537
UChicago,4182026002,imagined_sentence,trial_order_only,149,0.5534325396825397,0.11473891896967242
UChicago,4182026002,imagined_sentence,single_pearson_raw,149,0.5083809523809524,0.07096991811250693
UChicago,4182026002,imagined_sentence,single_lagged_xcorr_max,149,0.5465436507936507,0.11793453073605922
UChicago,4182026002,imagined_sentence,single_envelope_corr,149,0.4891230158730159,0.0831595773565646
UChicago,4182026002,imagined_sentence,single_log_spectrum_corr,149,0.43259920634920634,0.060963160939091425
UChicago,4182026002,imagined_sentence,single_mfcc_cosine,149,0.5846984126984127,0.16484907166044846
UChicago,4182026002,imagined_sentence,all_metrics,149,0.5351111111111111,0.1245232161811716
UChicago,4192026001,full_sentence,true_label_baseline,149,0.5783371040723982,0.09687941576724203
UChicago,4192026001,full_sentence,trial_order_only,149,0.5790158371040725,0.058457900402330766
UChicago,4192026001,full_sentence,single_pearson_raw,149,0.5797511312217194,0.08936651583710413
UChicago,4192026001,full_sentence,single_lagged_xcorr_max,149,0.581052036199095,0.019842867202110644
UChicago,4192026001,full_sentence,single_envelope_corr,149,0.5819004524886877,0.062410641265399705
UChicago,4192026001,full_sentence,single_log_spectrum_corr,149,0.5999434389140272,0.05720101791509592
UChicago,4192026001,full_sentence,single_mfcc_cosine,149,0.5337669683257917,0.09454259541834445
UChicago,4192026001,full_sentence,all_metrics,149,0.5360294117647058,0.08489809583952379
UChicago,4192026001,imagined_sentence,true_label_baseline,149,0.47038809144072297,0.06530518946149481
UChicago,4192026001,imagined_sentence,trial_order_only,149,0.537856636540847,0.1078002939167561
UChicago,4192026001,imagined_sentence,single_pearson_raw,149,0.4450691121743753,0.09270293208459411
UChicago,4192026001,imagined_sentence,single_lagged_xcorr_max,149,0.47803916356547943,0.14037753709647133
UChicago,4192026001,imagined_sentence,single_envelope_corr,149,0.5119971646287436,0.04712655493878743
UChicago,4192026001,imagined_sentence,single_log_spectrum_corr,149,0.540062909799752,0.08877046860426392
UChicago,4192026001,imagined_sentence,single_mfcc_cosine,149,0.4802277157540315,0.11869087603520999
UChicago,4192026001,imagined_sentence,all_metrics,149,0.4072346269714691,0.06691059612006726
UChicago,4192026002,full_sentence,true_label_baseline,149,0.5309954751131222,0.041270838113388456
UChicago,4192026002,full_sentence,trial_order_only,149,0.47205882352941175,0.07039399251893794
UChicago,4192026002,full_sentence,single_pearson_raw,149,0.5483597285067873,0.08233126175287862
UChicago,4192026002,full_sentence,single_lagged_xcorr_max,149,0.4985294117647059,0.06471893359501824
UChicago,4192026002,full_sentence,single_envelope_corr,149,0.5544683257918551,0.05822979596232966
UChicago,4192026002,full_sentence,single_log_spectrum_corr,149,0.4489253393665158,0.06095269942947744
UChicago,4192026002,full_sentence,single_mfcc_cosine,149,0.4296945701357465,0.10279619097243967
UChicago,4192026002,full_sentence,all_metrics,149,0.5106900452488687,0.05787180399177603
UChicago,4192026002,imagined_sentence,true_label_baseline,149,0.5520361990950227,0.09862291754454985
UChicago,4192026002,imagined_sentence,trial_order_only,149,0.45734456175632643,0.07081189665521627
UChicago,4192026002,imagined_sentence,single_pearson_raw,149,0.5589617898441428,0.116632190426815
UChicago,4192026002,imagined_sentence,single_lagged_xcorr_max,149,0.4404558404558405,0.03775360880893658
UChicago,4192026002,imagined_sentence,single_envelope_corr,149,0.432516339869281,0.05987630099044976
UChicago,4192026002,imagined_sentence,single_log_spectrum_corr,149,0.5092885872297637,0.10979409845884416
UChicago,4192026002,imagined_sentence,single_mfcc_cosine,149,0.5088067705714765,0.0627236310552181
UChicago,4192026002,imagined_sentence,all_metrics,149,0.48971007206301315,0.08254208985786748
